month,naics2d_code,naics2d_name,employment_nsa,employment_sa
2021-01,00,Total private (ex-ag; ex gov; ADP comparable),119315000.0,121134000.0
2021-02,00,Total private (ex-ag; ex gov; ADP comparable),120136000.0,121658000.0
2021-03,00,Total private (ex-ag; ex gov; ADP comparable),121165000.0,122390000.0
2021-04,00,Total private (ex-ag; ex gov; ADP comparable),122170000.0,122702000.0
2021-05,00,Total private (ex-ag; ex gov; ADP comparable),123214000.0,123122000.0
2021-06,00,Total private (ex-ag; ex gov; ADP comparable),124753000.0,123824000.0
2021-07,00,Total private (ex-ag; ex gov; ADP comparable),125671000.0,124704000.0
2021-08,00,Total private (ex-ag; ex gov; ADP comparable),125907000.0,125147000.0
2021-09,00,Total private (ex-ag; ex gov; ADP comparable),125761000.0,125632000.0
2021-10,00,Total private (ex-ag; ex gov; ADP comparable),127202000.0,126526000.0
2021-11,00,Total private (ex-ag; ex gov; ADP comparable),128059000.0,127162000.0
2021-12,00,Total private (ex-ag; ex gov; ADP comparable),128385000.0,127707000.0
2022-01,00,Total private (ex-ag; ex gov; ADP comparable),125993000.0,127950000.0
2022-02,00,Total private (ex-ag; ex gov; ADP comparable),127338000.0,128834000.0
2022-03,00,Total private (ex-ag; ex gov; ADP comparable),128087000.0,129304000.0
2022-04,00,Total private (ex-ag; ex gov; ADP comparable),129036000.0,129572000.0
2022-05,00,Total private (ex-ag; ex gov; ADP comparable),129892000.0,129789000.0
2022-06,00,Total private (ex-ag; ex gov; ADP comparable),131198000.0,130229000.0
2022-07,00,Total private (ex-ag; ex gov; ADP comparable),131722000.0,130767000.0
2022-08,00,Total private (ex-ag; ex gov; ADP comparable),131768000.0,131017000.0
2022-09,00,Total private (ex-ag; ex gov; ADP comparable),131376000.0,131233000.0
2022-10,00,Total private (ex-ag; ex gov; ADP comparable),132280000.0,131604000.0
2022-11,00,Total private (ex-ag; ex gov; ADP comparable),132701000.0,131836000.0
2022-12,00,Total private (ex-ag; ex gov; ADP comparable),132565000.0,131963000.0
2023-01,00,Total private (ex-ag; ex gov; ADP comparable),130314000.0,132288000.0
2023-02,00,Total private (ex-ag; ex gov; ADP comparable),131014000.0,132538000.0
2023-03,00,Total private (ex-ag; ex gov; ADP comparable),131367000.0,132586000.0
2023-04,00,Total private (ex-ag; ex gov; ADP comparable),132189000.0,132753000.0
2023-05,00,Total private (ex-ag; ex gov; ADP comparable),133071000.0,132919000.0
2023-06,00,Total private (ex-ag; ex gov; ADP comparable),134083000.0,133089000.0
2023-07,00,Total private (ex-ag; ex gov; ADP comparable),134158000.0,133199000.0
2023-08,00,Total private (ex-ag; ex gov; ADP comparable),134063000.0,133307000.0
2023-09,00,Total private (ex-ag; ex gov; ADP comparable),133559000.0,133396000.0
2023-10,00,Total private (ex-ag; ex gov; ADP comparable),134181000.0,133513000.0
2023-11,00,Total private (ex-ag; ex gov; ADP comparable),134458000.0,133610000.0
2023-12,00,Total private (ex-ag; ex gov; ADP comparable),134432000.0,133823000.0
2024-01,00,Total private (ex-ag; ex gov; ADP comparable),131909000.0,133896000.0
2024-02,00,Total private (ex-ag; ex gov; ADP comparable),132520000.0,134047000.0
2024-03,00,Total private (ex-ag; ex gov; ADP comparable),132995000.0,134216000.0
2024-04,00,Total private (ex-ag; ex gov; ADP comparable),133804000.0,134345000.0
2024-05,00,Total private (ex-ag; ex gov; ADP comparable),134665000.0,134505000.0
2024-06,00,Total private (ex-ag; ex gov; ADP comparable),135537000.0,134571000.0
2024-07,00,Total private (ex-ag; ex gov; ADP comparable),135580000.0,134611000.0
2024-08,00,Total private (ex-ag; ex gov; ADP comparable),135474000.0,134644000.0
2024-09,00,Total private (ex-ag; ex gov; ADP comparable),135037000.0,134852000.0
2024-10,00,Total private (ex-ag; ex gov; ADP comparable),135508000.0,134851000.0
2024-11,00,Total private (ex-ag; ex gov; ADP comparable),135893000.0,135095000.0
2024-12,00,Total private (ex-ag; ex gov; ADP comparable),136080000.0,135382000.0
2025-01,00,Total private (ex-ag; ex gov; ADP comparable),133595000.0,135461000.0
2025-02,00,Total private (ex-ag; ex gov; ADP comparable),134104000.0,135568000.0
2025-03,00,Total private (ex-ag; ex gov; ADP comparable),134491000.0,135682000.0
2025-04,00,Total private (ex-ag; ex gov; ADP comparable),135299000.0,135815000.0
2025-05,00,Total private (ex-ag; ex gov; ADP comparable),136097000.0,135884000.0
2025-06,00,Total private (ex-ag; ex gov; ADP comparable),136808000.0,135857000.0
2025-07,00,Total private (ex-ag; ex gov; ADP comparable),136835000.0,135913000.0
2025-08,00,Total private (ex-ag; ex gov; ADP comparable),136700000.0,135923000.0
2025-09,00,Total private (ex-ag; ex gov; ADP comparable),136145000.0,136027000.0
2025-10,00,Total private (ex-ag; ex gov; ADP comparable),136690000.0,136028000.0
2025-11,00,Total private (ex-ag; ex gov; ADP comparable),136828000.0,136078000.0
2025-12,00,Total private (ex-ag; ex gov; ADP comparable),136762000.0,136115000.0
2021-01,NF,Total nonfarm payrolls,140975000.0,142913000.0
2021-02,NF,Total nonfarm payrolls,142129000.0,143422000.0
2021-03,NF,Total nonfarm payrolls,143308000.0,144246000.0
2021-04,NF,Total nonfarm payrolls,144403000.0,144611000.0
2021-05,NF,Total nonfarm payrolls,145391000.0,145032000.0
2021-06,NF,Total nonfarm payrolls,146627000.0,145828000.0
2021-07,NF,Total nonfarm payrolls,146619000.0,146759000.0
2021-08,NF,Total nonfarm payrolls,147159000.0,147246000.0
2021-09,NF,Total nonfarm payrolls,147918000.0,147712000.0
2021-10,NF,Total nonfarm payrolls,149606000.0,148569000.0
2021-11,NF,Total nonfarm payrolls,150543000.0,149206000.0
2021-12,NF,Total nonfarm payrolls,150740000.0,149781000.0
2022-01,NF,Total nonfarm payrolls,147932000.0,150006000.0
2022-02,NF,Total nonfarm payrolls,149606000.0,150875000.0
2022-03,NF,Total nonfarm payrolls,150413000.0,151346000.0
2022-04,NF,Total nonfarm payrolls,151434000.0,151651000.0
2022-05,NF,Total nonfarm payrolls,152264000.0,151892000.0
2022-06,NF,Total nonfarm payrolls,153176000.0,152353000.0
2022-07,NF,Total nonfarm payrolls,152813000.0,153049000.0
2022-08,NF,Total nonfarm payrolls,153209000.0,153286000.0
2022-09,NF,Total nonfarm payrolls,153730000.0,153513000.0
2022-10,NF,Total nonfarm payrolls,154936000.0,153913000.0
2022-11,NF,Total nonfarm payrolls,155519000.0,154210000.0
2022-12,NF,Total nonfarm payrolls,155210000.0,154336000.0
2023-01,NF,Total nonfarm payrolls,152689000.0,154780000.0
2023-02,NF,Total nonfarm payrolls,153818000.0,155086000.0
2023-03,NF,Total nonfarm payrolls,154253000.0,155171000.0
2023-04,NF,Total nonfarm payrolls,155155000.0,155387000.0
2023-05,NF,Total nonfarm payrolls,156038000.0,155614000.0
2023-06,NF,Total nonfarm payrolls,156701000.0,155871000.0
2023-07,NF,Total nonfarm payrolls,155779000.0,156019000.0
2023-08,NF,Total nonfarm payrolls,156107000.0,156176000.0
2023-09,NF,Total nonfarm payrolls,156563000.0,156334000.0
2023-10,NF,Total nonfarm payrolls,157531000.0,156520000.0
2023-11,NF,Total nonfarm payrolls,157950000.0,156661000.0
2023-12,NF,Total nonfarm payrolls,157828000.0,156930000.0
2024-01,NF,Total nonfarm payrolls,154942000.0,157049000.0
2024-02,NF,Total nonfarm payrolls,156007000.0,157271000.0
2024-03,NF,Total nonfarm payrolls,156612000.0,157517000.0
2024-04,NF,Total nonfarm payrolls,157438000.0,157635000.0
2024-05,NF,Total nonfarm payrolls,158256000.0,157828000.0
2024-06,NF,Total nonfarm payrolls,158722000.0,157915000.0
2024-07,NF,Total nonfarm payrolls,157771000.0,158003000.0
2024-08,NF,Total nonfarm payrolls,158070000.0,158074000.0
2024-09,NF,Total nonfarm payrolls,158527000.0,158314000.0
2024-10,NF,Total nonfarm payrolls,159352000.0,158358000.0
2024-11,NF,Total nonfarm payrolls,159882000.0,158619000.0
2024-12,NF,Total nonfarm payrolls,159923000.0,158942000.0
2025-01,NF,Total nonfarm payrolls,157095000.0,159053000.0
2025-02,NF,Total nonfarm payrolls,157944000.0,159155000.0
2025-03,NF,Total nonfarm payrolls,158402000.0,159275000.0
2025-04,NF,Total nonfarm payrolls,159227000.0,159433000.0
2025-05,NF,Total nonfarm payrolls,159930000.0,159452000.0
2025-06,NF,Total nonfarm payrolls,160256000.0,159439000.0
2025-07,NF,Total nonfarm payrolls,159219000.0,159511000.0
2025-08,NF,Total nonfarm payrolls,159404000.0,159485000.0
2025-09,NF,Total nonfarm payrolls,159732000.0,159593000.0
2025-10,NF,Total nonfarm payrolls,160397000.0,159420000.0
2025-11,NF,Total nonfarm payrolls,160640000.0,159476000.0
2025-12,NF,Total nonfarm payrolls,160448000.0,159526000.0
2021-01,11,"Agriculture, Forestry, Fishing and Hunting",,
2021-02,11,"Agriculture, Forestry, Fishing and Hunting",,
2021-03,11,"Agriculture, Forestry, Fishing and Hunting",,
2021-04,11,"Agriculture, Forestry, Fishing and Hunting",,
2021-05,11,"Agriculture, Forestry, Fishing and Hunting",,
2021-06,11,"Agriculture, Forestry, Fishing and Hunting",,
2021-07,11,"Agriculture, Forestry, Fishing and Hunting",,
2021-08,11,"Agriculture, Forestry, Fishing and Hunting",,
2021-09,11,"Agriculture, Forestry, Fishing and Hunting",,
2021-10,11,"Agriculture, Forestry, Fishing and Hunting",,
2021-11,11,"Agriculture, Forestry, Fishing and Hunting",,
2021-12,11,"Agriculture, Forestry, Fishing and Hunting",,
2022-01,11,"Agriculture, Forestry, Fishing and Hunting",,
2022-02,11,"Agriculture, Forestry, Fishing and Hunting",,
2022-03,11,"Agriculture, Forestry, Fishing and Hunting",,
2022-04,11,"Agriculture, Forestry, Fishing and Hunting",,
2022-05,11,"Agriculture, Forestry, Fishing and Hunting",,
2022-06,11,"Agriculture, Forestry, Fishing and Hunting",,
2022-07,11,"Agriculture, Forestry, Fishing and Hunting",,
2022-08,11,"Agriculture, Forestry, Fishing and Hunting",,
2022-09,11,"Agriculture, Forestry, Fishing and Hunting",,
2022-10,11,"Agriculture, Forestry, Fishing and Hunting",,
2022-11,11,"Agriculture, Forestry, Fishing and Hunting",,
2022-12,11,"Agriculture, Forestry, Fishing and Hunting",,
2023-01,11,"Agriculture, Forestry, Fishing and Hunting",,
2023-02,11,"Agriculture, Forestry, Fishing and Hunting",,
2023-03,11,"Agriculture, Forestry, Fishing and Hunting",,
2023-04,11,"Agriculture, Forestry, Fishing and Hunting",,
2023-05,11,"Agriculture, Forestry, Fishing and Hunting",,
2023-06,11,"Agriculture, Forestry, Fishing and Hunting",,
2023-07,11,"Agriculture, Forestry, Fishing and Hunting",,
2023-08,11,"Agriculture, Forestry, Fishing and Hunting",,
2023-09,11,"Agriculture, Forestry, Fishing and Hunting",,
2023-10,11,"Agriculture, Forestry, Fishing and Hunting",,
2023-11,11,"Agriculture, Forestry, Fishing and Hunting",,
2023-12,11,"Agriculture, Forestry, Fishing and Hunting",,
2024-01,11,"Agriculture, Forestry, Fishing and Hunting",,
2024-02,11,"Agriculture, Forestry, Fishing and Hunting",,
2024-03,11,"Agriculture, Forestry, Fishing and Hunting",,
2024-04,11,"Agriculture, Forestry, Fishing and Hunting",,
2024-05,11,"Agriculture, Forestry, Fishing and Hunting",,
2024-06,11,"Agriculture, Forestry, Fishing and Hunting",,
2024-07,11,"Agriculture, Forestry, Fishing and Hunting",,
2024-08,11,"Agriculture, Forestry, Fishing and Hunting",,
2024-09,11,"Agriculture, Forestry, Fishing and Hunting",,
2024-10,11,"Agriculture, Forestry, Fishing and Hunting",,
2024-11,11,"Agriculture, Forestry, Fishing and Hunting",,
2024-12,11,"Agriculture, Forestry, Fishing and Hunting",,
2025-01,11,"Agriculture, Forestry, Fishing and Hunting",,
2025-02,11,"Agriculture, Forestry, Fishing and Hunting",,
2025-03,11,"Agriculture, Forestry, Fishing and Hunting",,
2025-04,11,"Agriculture, Forestry, Fishing and Hunting",,
2025-05,11,"Agriculture, Forestry, Fishing and Hunting",,
2025-06,11,"Agriculture, Forestry, Fishing and Hunting",,
2025-07,11,"Agriculture, Forestry, Fishing and Hunting",,
2025-08,11,"Agriculture, Forestry, Fishing and Hunting",,
2025-09,11,"Agriculture, Forestry, Fishing and Hunting",,
2025-10,11,"Agriculture, Forestry, Fishing and Hunting",,
2025-11,11,"Agriculture, Forestry, Fishing and Hunting",,
2025-12,11,"Agriculture, Forestry, Fishing and Hunting",,
2021-01,21,"Mining, Quarrying, and Oil and Gas Extraction",541000.0,
2021-02,21,"Mining, Quarrying, and Oil and Gas Extraction",531000.0,
2021-03,21,"Mining, Quarrying, and Oil and Gas Extraction",547000.0,
2021-04,21,"Mining, Quarrying, and Oil and Gas Extraction",548000.0,
2021-05,21,"Mining, Quarrying, and Oil and Gas Extraction",553000.0,
2021-06,21,"Mining, Quarrying, and Oil and Gas Extraction",565000.0,
2021-07,21,"Mining, Quarrying, and Oil and Gas Extraction",571000.0,
2021-08,21,"Mining, Quarrying, and Oil and Gas Extraction",573000.0,
2021-09,21,"Mining, Quarrying, and Oil and Gas Extraction",570000.0,
2021-10,21,"Mining, Quarrying, and Oil and Gas Extraction",574000.0,
2021-11,21,"Mining, Quarrying, and Oil and Gas Extraction",575000.0,
2021-12,21,"Mining, Quarrying, and Oil and Gas Extraction",576000.0,
2022-01,21,"Mining, Quarrying, and Oil and Gas Extraction",566000.0,
2022-02,21,"Mining, Quarrying, and Oil and Gas Extraction",574000.0,
2022-03,21,"Mining, Quarrying, and Oil and Gas Extraction",583000.0,
2022-04,21,"Mining, Quarrying, and Oil and Gas Extraction",590000.0,
2022-05,21,"Mining, Quarrying, and Oil and Gas Extraction",597000.0,
2022-06,21,"Mining, Quarrying, and Oil and Gas Extraction",613000.0,
2022-07,21,"Mining, Quarrying, and Oil and Gas Extraction",622000.0,
2022-08,21,"Mining, Quarrying, and Oil and Gas Extraction",619000.0,
2022-09,21,"Mining, Quarrying, and Oil and Gas Extraction",619000.0,
2022-10,21,"Mining, Quarrying, and Oil and Gas Extraction",622000.0,
2022-11,21,"Mining, Quarrying, and Oil and Gas Extraction",627000.0,
2022-12,21,"Mining, Quarrying, and Oil and Gas Extraction",626000.0,
2023-01,21,"Mining, Quarrying, and Oil and Gas Extraction",622000.0,
2023-02,21,"Mining, Quarrying, and Oil and Gas Extraction",625000.0,
2023-03,21,"Mining, Quarrying, and Oil and Gas Extraction",628000.0,
2023-04,21,"Mining, Quarrying, and Oil and Gas Extraction",632000.0,
2023-05,21,"Mining, Quarrying, and Oil and Gas Extraction",639000.0,
2023-06,21,"Mining, Quarrying, and Oil and Gas Extraction",645000.0,
2023-07,21,"Mining, Quarrying, and Oil and Gas Extraction",648000.0,
2023-08,21,"Mining, Quarrying, and Oil and Gas Extraction",648000.0,
2023-09,21,"Mining, Quarrying, and Oil and Gas Extraction",644000.0,
2023-10,21,"Mining, Quarrying, and Oil and Gas Extraction",643000.0,
2023-11,21,"Mining, Quarrying, and Oil and Gas Extraction",636000.0,
2023-12,21,"Mining, Quarrying, and Oil and Gas Extraction",635000.0,
2024-01,21,"Mining, Quarrying, and Oil and Gas Extraction",621000.0,
2024-02,21,"Mining, Quarrying, and Oil and Gas Extraction",623000.0,
2024-03,21,"Mining, Quarrying, and Oil and Gas Extraction",630000.0,
2024-04,21,"Mining, Quarrying, and Oil and Gas Extraction",624000.0,
2024-05,21,"Mining, Quarrying, and Oil and Gas Extraction",624000.0,
2024-06,21,"Mining, Quarrying, and Oil and Gas Extraction",627000.0,
2024-07,21,"Mining, Quarrying, and Oil and Gas Extraction",630000.0,
2024-08,21,"Mining, Quarrying, and Oil and Gas Extraction",631000.0,
2024-09,21,"Mining, Quarrying, and Oil and Gas Extraction",629000.0,
2024-10,21,"Mining, Quarrying, and Oil and Gas Extraction",628000.0,
2024-11,21,"Mining, Quarrying, and Oil and Gas Extraction",626000.0,
2024-12,21,"Mining, Quarrying, and Oil and Gas Extraction",623000.0,
2025-01,21,"Mining, Quarrying, and Oil and Gas Extraction",619000.0,
2025-02,21,"Mining, Quarrying, and Oil and Gas Extraction",620000.0,
2025-03,21,"Mining, Quarrying, and Oil and Gas Extraction",619000.0,
2025-04,21,"Mining, Quarrying, and Oil and Gas Extraction",622000.0,
2025-05,21,"Mining, Quarrying, and Oil and Gas Extraction",622000.0,
2025-06,21,"Mining, Quarrying, and Oil and Gas Extraction",625000.0,
2025-07,21,"Mining, Quarrying, and Oil and Gas Extraction",622000.0,
2025-08,21,"Mining, Quarrying, and Oil and Gas Extraction",621000.0,
2025-09,21,"Mining, Quarrying, and Oil and Gas Extraction",615000.0,
2025-10,21,"Mining, Quarrying, and Oil and Gas Extraction",616000.0,
2025-11,21,"Mining, Quarrying, and Oil and Gas Extraction",612000.0,
2025-12,21,"Mining, Quarrying, and Oil and Gas Extraction",606000.0,
2021-01,22,Utilities,541300.0,542200.0
2021-02,22,Utilities,539900.0,542500.0
2021-03,22,Utilities,542200.0,543300.0
2021-04,22,Utilities,542500.0,543900.0
2021-05,22,Utilities,543300.0,544100.0
2021-06,22,Utilities,547300.0,545200.0
2021-07,22,Utilities,549800.0,545400.0
2021-08,22,Utilities,546300.0,544800.0
2021-09,22,Utilities,544200.0,545900.0
2021-10,22,Utilities,546400.0,546200.0
2021-11,22,Utilities,547600.0,547200.0
2021-12,22,Utilities,548000.0,547800.0
2022-01,22,Utilities,549100.0,550200.0
2022-02,22,Utilities,549000.0,551200.0
2022-03,22,Utilities,550900.0,551800.0
2022-04,22,Utilities,551900.0,553300.0
2022-05,22,Utilities,554500.0,555300.0
2022-06,22,Utilities,559600.0,557100.0
2022-07,22,Utilities,564400.0,560300.0
2022-08,22,Utilities,564100.0,562900.0
2022-09,22,Utilities,562500.0,564100.0
2022-10,22,Utilities,566700.0,566500.0
2022-11,22,Utilities,567600.0,567200.0
2022-12,22,Utilities,568700.0,568400.0
2023-01,22,Utilities,566600.0,567700.0
2023-02,22,Utilities,565400.0,568200.0
2023-03,22,Utilities,570400.0,571400.0
2023-04,22,Utilities,572600.0,573700.0
2023-05,22,Utilities,573600.0,574500.0
2023-06,22,Utilities,578000.0,575500.0
2023-07,22,Utilities,578000.0,574200.0
2023-08,22,Utilities,578300.0,577100.0
2023-09,22,Utilities,578000.0,579400.0
2023-10,22,Utilities,581200.0,581300.0
2023-11,22,Utilities,582000.0,582400.0
2023-12,22,Utilities,585900.0,584700.0
2024-01,22,Utilities,584800.0,586200.0
2024-02,22,Utilities,586700.0,589800.0
2024-03,22,Utilities,587900.0,589000.0
2024-04,22,Utilities,587500.0,588800.0
2024-05,22,Utilities,589700.0,590800.0
2024-06,22,Utilities,594400.0,591900.0
2024-07,22,Utilities,595500.0,591600.0
2024-08,22,Utilities,593100.0,592400.0
2024-09,22,Utilities,593600.0,595000.0
2024-10,22,Utilities,594200.0,594200.0
2024-11,22,Utilities,593900.0,593900.0
2024-12,22,Utilities,594300.0,593100.0
2025-01,22,Utilities,592600.0,594500.0
2025-02,22,Utilities,593100.0,595300.0
2025-03,22,Utilities,595700.0,596800.0
2025-04,22,Utilities,593600.0,595600.0
2025-05,22,Utilities,598000.0,598200.0
2025-06,22,Utilities,601600.0,598500.0
2025-07,22,Utilities,603400.0,598900.0
2025-08,22,Utilities,598700.0,598000.0
2025-09,22,Utilities,596100.0,597800.0
2025-10,22,Utilities,598100.0,598900.0
2025-11,22,Utilities,601000.0,600300.0
2025-12,22,Utilities,602400.0,601100.0
2021-01,23,Construction,7033000.0,
2021-02,23,Construction,6970000.0,
2021-03,23,Construction,7162000.0,
2021-04,23,Construction,7328000.0,
2021-05,23,Construction,7445000.0,
2021-06,23,Construction,7576000.0,
2021-07,23,Construction,7628000.0,
2021-08,23,Construction,7645000.0,
2021-09,23,Construction,7632000.0,
2021-10,23,Construction,7677000.0,
2021-11,23,Construction,7628000.0,
2021-12,23,Construction,7503000.0,
2022-01,23,Construction,7251000.0,
2022-02,23,Construction,7349000.0,
2022-03,23,Construction,7463000.0,
2022-04,23,Construction,7627000.0,
2022-05,23,Construction,7792000.0,
2022-06,23,Construction,7944000.0,
2022-07,23,Construction,8006000.0,
2022-08,23,Construction,8010000.0,
2022-09,23,Construction,7980000.0,
2022-10,23,Construction,8002000.0,
2022-11,23,Construction,7930000.0,
2022-12,23,Construction,7796000.0,
2023-01,23,Construction,7586000.0,
2023-02,23,Construction,7642000.0,
2023-03,23,Construction,7701000.0,
2023-04,23,Construction,7872000.0,
2023-05,23,Construction,8019000.0,
2023-06,23,Construction,8188000.0,
2023-07,23,Construction,8230000.0,
2023-08,23,Construction,8250000.0,
2023-09,23,Construction,8203000.0,
2023-10,23,Construction,8231000.0,
2023-11,23,Construction,8152000.0,
2023-12,23,Construction,8028000.0,
2024-01,23,Construction,7779000.0,
2024-02,23,Construction,7832000.0,
2024-03,23,Construction,7939000.0,
2024-04,23,Construction,8089000.0,
2024-05,23,Construction,8237000.0,
2024-06,23,Construction,8378000.0,
2024-07,23,Construction,8430000.0,
2024-08,23,Construction,8458000.0,
2024-09,23,Construction,8410000.0,
2024-10,23,Construction,8424000.0,
2024-11,23,Construction,8343000.0,
2024-12,23,Construction,8219000.0,
2025-01,23,Construction,7955000.0,
2025-02,23,Construction,7987000.0,
2025-03,23,Construction,8071000.0,
2025-04,23,Construction,8214000.0,
2025-05,23,Construction,8353000.0,
2025-06,23,Construction,8478000.0,
2025-07,23,Construction,8512000.0,
2025-08,23,Construction,8492000.0,
2025-09,23,Construction,8442000.0,
2025-10,23,Construction,8457000.0,
2025-11,23,Construction,8383000.0,
2025-12,23,Construction,8231000.0,
2021-01,31-33,Manufacturing,12066000.0,
2021-02,31-33,Manufacturing,12127000.0,
2021-03,31-33,Manufacturing,12183000.0,
2021-04,31-33,Manufacturing,12139000.0,
2021-05,31-33,Manufacturing,12193000.0,
2021-06,31-33,Manufacturing,12318000.0,
2021-07,31-33,Manufacturing,12382000.0,
2021-08,31-33,Manufacturing,12420000.0,
2021-09,31-33,Manufacturing,12399000.0,
2021-10,31-33,Manufacturing,12456000.0,
2021-11,31-33,Manufacturing,12501000.0,
2021-12,31-33,Manufacturing,12552000.0,
2022-01,31-33,Manufacturing,12469000.0,
2022-02,31-33,Manufacturing,12555000.0,
2022-03,31-33,Manufacturing,12629000.0,
2022-04,31-33,Manufacturing,12674000.0,
2022-05,31-33,Manufacturing,12716000.0,
2022-06,31-33,Manufacturing,12845000.0,
2022-07,31-33,Manufacturing,12867000.0,
2022-08,31-33,Manufacturing,12898000.0,
2022-09,31-33,Manufacturing,12854000.0,
2022-10,31-33,Manufacturing,12884000.0,
2022-11,31-33,Manufacturing,12898000.0,
2022-12,31-33,Manufacturing,12910000.0,
2023-01,31-33,Manufacturing,12808000.0,
2023-02,31-33,Manufacturing,12846000.0,
2023-03,31-33,Manufacturing,12842000.0,
2023-04,31-33,Manufacturing,12844000.0,
2023-05,31-33,Manufacturing,12853000.0,
2023-06,31-33,Manufacturing,12955000.0,
2023-07,31-33,Manufacturing,12928000.0,
2023-08,31-33,Manufacturing,12927000.0,
2023-09,31-33,Manufacturing,12876000.0,
2023-10,31-33,Manufacturing,12837000.0,
2023-11,31-33,Manufacturing,12861000.0,
2023-12,31-33,Manufacturing,12895000.0,
2024-01,31-33,Manufacturing,12781000.0,
2024-02,31-33,Manufacturing,12800000.0,
2024-03,31-33,Manufacturing,12790000.0,
2024-04,31-33,Manufacturing,12801000.0,
2024-05,31-33,Manufacturing,12829000.0,
2024-06,31-33,Manufacturing,12908000.0,
2024-07,31-33,Manufacturing,12904000.0,
2024-08,31-33,Manufacturing,12868000.0,
2024-09,31-33,Manufacturing,12815000.0,
2024-10,31-33,Manufacturing,12749000.0,
2024-11,31-33,Manufacturing,12775000.0,
2024-12,31-33,Manufacturing,12786000.0,
2025-01,31-33,Manufacturing,12676000.0,
2025-02,31-33,Manufacturing,12711000.0,
2025-03,31-33,Manufacturing,12714000.0,
2025-04,31-33,Manufacturing,12717000.0,
2025-05,31-33,Manufacturing,12740000.0,
2025-06,31-33,Manufacturing,12806000.0,
2025-07,31-33,Manufacturing,12794000.0,
2025-08,31-33,Manufacturing,12774000.0,
2025-09,31-33,Manufacturing,12726000.0,
2025-10,31-33,Manufacturing,12710000.0,
2025-11,31-33,Manufacturing,12698000.0,
2025-12,31-33,Manufacturing,12711000.0,
2021-01,42,Wholesale Trade,5581900.0,
2021-02,42,Wholesale Trade,5589600.0,
2021-03,42,Wholesale Trade,5609300.0,
2021-04,42,Wholesale Trade,5635100.0,
2021-05,42,Wholesale Trade,5674200.0,
2021-06,42,Wholesale Trade,5731500.0,
2021-07,42,Wholesale Trade,5755400.0,
2021-08,42,Wholesale Trade,5756600.0,
2021-09,42,Wholesale Trade,5753200.0,
2021-10,42,Wholesale Trade,5784100.0,
2021-11,42,Wholesale Trade,5808700.0,
2021-12,42,Wholesale Trade,5837300.0,
2022-01,42,Wholesale Trade,5809300.0,
2022-02,42,Wholesale Trade,5847000.0,
2022-03,42,Wholesale Trade,5890500.0,
2022-04,42,Wholesale Trade,5929700.0,
2022-05,42,Wholesale Trade,5973700.0,
2022-06,42,Wholesale Trade,6016400.0,
2022-07,42,Wholesale Trade,6034800.0,
2022-08,42,Wholesale Trade,6035700.0,
2022-09,42,Wholesale Trade,6024200.0,
2022-10,42,Wholesale Trade,6053300.0,
2022-11,42,Wholesale Trade,6056300.0,
2022-12,42,Wholesale Trade,6070100.0,
2023-01,42,Wholesale Trade,6031900.0,
2023-02,42,Wholesale Trade,6055800.0,
2023-03,42,Wholesale Trade,6072100.0,
2023-04,42,Wholesale Trade,6076300.0,
2023-05,42,Wholesale Trade,6102200.0,
2023-06,42,Wholesale Trade,6128400.0,
2023-07,42,Wholesale Trade,6144100.0,
2023-08,42,Wholesale Trade,6125700.0,
2023-09,42,Wholesale Trade,6118200.0,
2023-10,42,Wholesale Trade,6137800.0,
2023-11,42,Wholesale Trade,6138100.0,
2023-12,42,Wholesale Trade,6157200.0,
2024-01,42,Wholesale Trade,6085300.0,
2024-02,42,Wholesale Trade,6086300.0,
2024-03,42,Wholesale Trade,6105200.0,
2024-04,42,Wholesale Trade,6122700.0,
2024-05,42,Wholesale Trade,6134800.0,
2024-06,42,Wholesale Trade,6166500.0,
2024-07,42,Wholesale Trade,6179200.0,
2024-08,42,Wholesale Trade,6168400.0,
2024-09,42,Wholesale Trade,6149900.0,
2024-10,42,Wholesale Trade,6171200.0,
2024-11,42,Wholesale Trade,6171500.0,
2024-12,42,Wholesale Trade,6202400.0,
2025-01,42,Wholesale Trade,6145100.0,
2025-02,42,Wholesale Trade,6149200.0,
2025-03,42,Wholesale Trade,6153600.0,
2025-04,42,Wholesale Trade,6164800.0,
2025-05,42,Wholesale Trade,6186000.0,
2025-06,42,Wholesale Trade,6198100.0,
2025-07,42,Wholesale Trade,6193800.0,
2025-08,42,Wholesale Trade,6170400.0,
2025-09,42,Wholesale Trade,6158900.0,
2025-10,42,Wholesale Trade,6173400.0,
2025-11,42,Wholesale Trade,6171100.0,
2025-12,42,Wholesale Trade,6183800.0,
2021-01,44-45,Retail Trade,15096300.0,
2021-02,44-45,Retail Trade,14986000.0,
2021-03,44-45,Retail Trade,15035000.0,
2021-04,44-45,Retail Trade,15022300.0,
2021-05,44-45,Retail Trade,15121600.0,
2021-06,44-45,Retail Trade,15279800.0,
2021-07,44-45,Retail Trade,15266600.0,
2021-08,44-45,Retail Trade,15206300.0,
2021-09,44-45,Retail Trade,15163800.0,
2021-10,44-45,Retail Trade,15367100.0,
2021-11,44-45,Retail Trade,15693400.0,
2021-12,44-45,Retail Trade,15801500.0,
2022-01,44-45,Retail Trade,15361400.0,
2022-02,44-45,Retail Trade,15351800.0,
2022-03,44-45,Retail Trade,15352200.0,
2022-04,44-45,Retail Trade,15327200.0,
2022-05,44-45,Retail Trade,15352100.0,
2022-06,44-45,Retail Trade,15495100.0,
2022-07,44-45,Retail Trade,15517900.0,
2022-08,44-45,Retail Trade,15505500.0,
2022-09,44-45,Retail Trade,15381200.0,
2022-10,44-45,Retail Trade,15527700.0,
2022-11,44-45,Retail Trade,15794000.0,
2022-12,44-45,Retail Trade,15900700.0,
2023-01,44-45,Retail Trade,15489500.0,
2023-02,44-45,Retail Trade,15431700.0,
2023-03,44-45,Retail Trade,15390800.0,
2023-04,44-45,Retail Trade,15410400.0,
2023-05,44-45,Retail Trade,15494400.0,
2023-06,44-45,Retail Trade,15559400.0,
2023-07,44-45,Retail Trade,15561200.0,
2023-08,44-45,Retail Trade,15509700.0,
2023-09,44-45,Retail Trade,15412600.0,
2023-10,44-45,Retail Trade,15556400.0,
2023-11,44-45,Retail Trade,15842600.0,
2023-12,44-45,Retail Trade,15954300.0,
2024-01,44-45,Retail Trade,15468600.0,
2024-02,44-45,Retail Trade,15367300.0,
2024-03,44-45,Retail Trade,15366800.0,
2024-04,44-45,Retail Trade,15406900.0,
2024-05,44-45,Retail Trade,15487100.0,
2024-06,44-45,Retail Trade,15557300.0,
2024-07,44-45,Retail Trade,15540000.0,
2024-08,44-45,Retail Trade,15478800.0,
2024-09,44-45,Retail Trade,15410900.0,
2024-10,44-45,Retail Trade,15534600.0,
2024-11,44-45,Retail Trade,15812000.0,
2024-12,44-45,Retail Trade,15954000.0,
2025-01,44-45,Retail Trade,15517700.0,
2025-02,44-45,Retail Trade,15404000.0,
2025-03,44-45,Retail Trade,15429100.0,
2025-04,44-45,Retail Trade,15464000.0,
2025-05,44-45,Retail Trade,15505600.0,
2025-06,44-45,Retail Trade,15583400.0,
2025-07,44-45,Retail Trade,15581400.0,
2025-08,44-45,Retail Trade,15546200.0,
2025-09,44-45,Retail Trade,15484200.0,
2025-10,44-45,Retail Trade,15589600.0,
2025-11,44-45,Retail Trade,15825800.0,
2025-12,44-45,Retail Trade,15945100.0,
2021-01,48-49,Transportation and Warehousing,5932100.0,5903900.0
2021-02,48-49,Transportation and Warehousing,5906900.0,5932300.0
2021-03,48-49,Transportation and Warehousing,5953700.0,6019500.0
2021-04,48-49,Transportation and Warehousing,5891200.0,6009000.0
2021-05,48-49,Transportation and Warehousing,5937700.0,6028400.0
2021-06,48-49,Transportation and Warehousing,6009700.0,6080900.0
2021-07,48-49,Transportation and Warehousing,6020100.0,6139100.0
2021-08,48-49,Transportation and Warehousing,6082100.0,6189000.0
2021-09,48-49,Transportation and Warehousing,6222600.0,6236000.0
2021-10,48-49,Transportation and Warehousing,6357300.0,6308300.0
2021-11,48-49,Transportation and Warehousing,6611500.0,6391000.0
2021-12,48-49,Transportation and Warehousing,6816700.0,6448800.0
2022-01,48-49,Transportation and Warehousing,6520800.0,6499100.0
2022-02,48-49,Transportation and Warehousing,6546100.0,6572300.0
2022-03,48-49,Transportation and Warehousing,6533900.0,6601000.0
2022-04,48-49,Transportation and Warehousing,6493100.0,6619300.0
2022-05,48-49,Transportation and Warehousing,6537300.0,6634400.0
2022-06,48-49,Transportation and Warehousing,6559000.0,6642100.0
2022-07,48-49,Transportation and Warehousing,6512500.0,6645800.0
2022-08,48-49,Transportation and Warehousing,6520800.0,6626400.0
2022-09,48-49,Transportation and Warehousing,6601100.0,6606600.0
2022-10,48-49,Transportation and Warehousing,6675300.0,6620200.0
2022-11,48-49,Transportation and Warehousing,6830000.0,6609400.0
2022-12,48-49,Transportation and Warehousing,6941100.0,6601200.0
2023-01,48-49,Transportation and Warehousing,6641700.0,6630000.0
2023-02,48-49,Transportation and Warehousing,6549300.0,6590800.0
2023-03,48-49,Transportation and Warehousing,6519400.0,6586900.0
2023-04,48-49,Transportation and Warehousing,6477400.0,6583900.0
2023-05,48-49,Transportation and Warehousing,6515300.0,6601700.0
2023-06,48-49,Transportation and Warehousing,6515200.0,6590900.0
2023-07,48-49,Transportation and Warehousing,6456700.0,6582500.0
2023-08,48-49,Transportation and Warehousing,6461600.0,6557000.0
2023-09,48-49,Transportation and Warehousing,6573900.0,6567800.0
2023-10,48-49,Transportation and Warehousing,6645700.0,6587200.0
2023-11,48-49,Transportation and Warehousing,6785500.0,6582700.0
2023-12,48-49,Transportation and Warehousing,6886000.0,6587600.0
2024-01,48-49,Transportation and Warehousing,6582900.0,6583800.0
2024-02,48-49,Transportation and Warehousing,6565000.0,6614100.0
2024-03,48-49,Transportation and Warehousing,6553800.0,6626100.0
2024-04,48-49,Transportation and Warehousing,6538500.0,6643700.0
2024-05,48-49,Transportation and Warehousing,6581900.0,6653300.0
2024-06,48-49,Transportation and Warehousing,6595400.0,6661200.0
2024-07,48-49,Transportation and Warehousing,6542600.0,6661300.0
2024-08,48-49,Transportation and Warehousing,6563800.0,6663000.0
2024-09,48-49,Transportation and Warehousing,6680000.0,6670100.0
2024-10,48-49,Transportation and Warehousing,6722800.0,6661100.0
2024-11,48-49,Transportation and Warehousing,6877500.0,6688800.0
2024-12,48-49,Transportation and Warehousing,7048500.0,6723200.0
2025-01,48-49,Transportation and Warehousing,6759500.0,6744500.0
2025-02,48-49,Transportation and Warehousing,6740500.0,6762800.0
2025-03,48-49,Transportation and Warehousing,6683700.0,6742100.0
2025-04,48-49,Transportation and Warehousing,6626000.0,6734500.0
2025-05,48-49,Transportation and Warehousing,6657000.0,6734000.0
2025-06,48-49,Transportation and Warehousing,6665100.0,6737800.0
2025-07,48-49,Transportation and Warehousing,6609300.0,6732700.0
2025-08,48-49,Transportation and Warehousing,6631600.0,6736000.0
2025-09,48-49,Transportation and Warehousing,6692200.0,6702600.0
2025-10,48-49,Transportation and Warehousing,6741600.0,6696500.0
2025-11,48-49,Transportation and Warehousing,6854500.0,6671300.0
2025-12,48-49,Transportation and Warehousing,6975300.0,6664700.0
2021-01,51,Information,2717000.0,
2021-02,51,Information,2749000.0,
2021-03,51,Information,2759000.0,
2021-04,51,Information,2789000.0,
2021-05,51,Information,2809000.0,
2021-06,51,Information,2843000.0,
2021-07,51,Information,2885000.0,
2021-08,51,Information,2917000.0,
2021-09,51,Information,2912000.0,
2021-10,51,Information,2943000.0,
2021-11,51,Information,2967000.0,
2021-12,51,Information,2986000.0,
2022-01,51,Information,2943000.0,
2022-02,51,Information,2974000.0,
2022-03,51,Information,3006000.0,
2022-04,51,Information,3028000.0,
2022-05,51,Information,3050000.0,
2022-06,51,Information,3102000.0,
2022-07,51,Information,3118000.0,
2022-08,51,Information,3111000.0,
2022-09,51,Information,3091000.0,
2022-10,51,Information,3103000.0,
2022-11,51,Information,3121000.0,
2022-12,51,Information,3112000.0,
2023-01,51,Information,3020000.0,
2023-02,51,Information,3028000.0,
2023-03,51,Information,3036000.0,
2023-04,51,Information,3030000.0,
2023-05,51,Information,3029000.0,
2023-06,51,Information,3048000.0,
2023-07,51,Information,3025000.0,
2023-08,51,Information,2994000.0,
2023-09,51,Information,2969000.0,
2023-10,51,Information,2953000.0,
2023-11,51,Information,2973000.0,
2023-12,51,Information,2982000.0,
2024-01,51,Information,2924000.0,
2024-02,51,Information,2939000.0,
2024-03,51,Information,2940000.0,
2024-04,51,Information,2934000.0,
2024-05,51,Information,2939000.0,
2024-06,51,Information,2967000.0,
2024-07,51,Information,2960000.0,
2024-08,51,Information,2956000.0,
2024-09,51,Information,2928000.0,
2024-10,51,Information,2925000.0,
2024-11,51,Information,2938000.0,
2024-12,51,Information,2964000.0,
2025-01,51,Information,2905000.0,
2025-02,51,Information,2921000.0,
2025-03,51,Information,2921000.0,
2025-04,51,Information,2920000.0,
2025-05,51,Information,2932000.0,
2025-06,51,Information,2954000.0,
2025-07,51,Information,2955000.0,
2025-08,51,Information,2952000.0,
2025-09,51,Information,2924000.0,
2025-10,51,Information,2924000.0,
2025-11,51,Information,2920000.0,
2025-12,51,Information,2932000.0,
2021-01,52-53,Financial Activities,8679000.0,
2021-02,52-53,Financial Activities,8674000.0,
2021-03,52-53,Financial Activities,8686000.0,
2021-04,52-53,Financial Activities,8713000.0,
2021-05,52-53,Financial Activities,8736000.0,
2021-06,52-53,Financial Activities,8804000.0,
2021-07,52-53,Financial Activities,8867000.0,
2021-08,52-53,Financial Activities,8878000.0,
2021-09,52-53,Financial Activities,8848000.0,
2021-10,52-53,Financial Activities,8901000.0,
2021-11,52-53,Financial Activities,8927000.0,
2021-12,52-53,Financial Activities,8964000.0,
2022-01,52-53,Financial Activities,8883000.0,
2022-02,52-53,Financial Activities,8931000.0,
2022-03,52-53,Financial Activities,8949000.0,
2022-04,52-53,Financial Activities,8998000.0,
2022-05,52-53,Financial Activities,9024000.0,
2022-06,52-53,Financial Activities,9104000.0,
2022-07,52-53,Financial Activities,9144000.0,
2022-08,52-53,Financial Activities,9144000.0,
2022-09,52-53,Financial Activities,9094000.0,
2022-10,52-53,Financial Activities,9144000.0,
2022-11,52-53,Financial Activities,9153000.0,
2022-12,52-53,Financial Activities,9174000.0,
2023-01,52-53,Financial Activities,9093000.0,
2023-02,52-53,Financial Activities,9097000.0,
2023-03,52-53,Financial Activities,9094000.0,
2023-04,52-53,Financial Activities,9131000.0,
2023-05,52-53,Financial Activities,9152000.0,
2023-06,52-53,Financial Activities,9228000.0,
2023-07,52-53,Financial Activities,9266000.0,
2023-08,52-53,Financial Activities,9246000.0,
2023-09,52-53,Financial Activities,9183000.0,
2023-10,52-53,Financial Activities,9199000.0,
2023-11,52-53,Financial Activities,9187000.0,
2023-12,52-53,Financial Activities,9208000.0,
2024-01,52-53,Financial Activities,9114000.0,
2024-02,52-53,Financial Activities,9096000.0,
2024-03,52-53,Financial Activities,9094000.0,
2024-04,52-53,Financial Activities,9097000.0,
2024-05,52-53,Financial Activities,9126000.0,
2024-06,52-53,Financial Activities,9200000.0,
2024-07,52-53,Financial Activities,9239000.0,
2024-08,52-53,Financial Activities,9229000.0,
2024-09,52-53,Financial Activities,9180000.0,
2024-10,52-53,Financial Activities,9202000.0,
2024-11,52-53,Financial Activities,9210000.0,
2024-12,52-53,Financial Activities,9235000.0,
2025-01,52-53,Financial Activities,9173000.0,
2025-02,52-53,Financial Activities,9183000.0,
2025-03,52-53,Financial Activities,9180000.0,
2025-04,52-53,Financial Activities,9190000.0,
2025-05,52-53,Financial Activities,9221000.0,
2025-06,52-53,Financial Activities,9278000.0,
2025-07,52-53,Financial Activities,9319000.0,
2025-08,52-53,Financial Activities,9284000.0,
2025-09,52-53,Financial Activities,9237000.0,
2025-10,52-53,Financial Activities,9251000.0,
2025-11,52-53,Financial Activities,9251000.0,
2025-12,52-53,Financial Activities,9274000.0,
2021-01,54-56,Professional and Business Services,20578000.0,
2021-02,54-56,Professional and Business Services,20754000.0,
2021-03,54-56,Professional and Business Services,20873000.0,
2021-04,54-56,Professional and Business Services,21055000.0,
2021-05,54-56,Professional and Business Services,21138000.0,
2021-06,54-56,Professional and Business Services,21321000.0,
2021-07,54-56,Professional and Business Services,21499000.0,
2021-08,54-56,Professional and Business Services,21633000.0,
2021-09,54-56,Professional and Business Services,21685000.0,
2021-10,54-56,Professional and Business Services,22118000.0,
2021-11,54-56,Professional and Business Services,22245000.0,
2021-12,54-56,Professional and Business Services,22246000.0,
2022-01,54-56,Professional and Business Services,21830000.0,
2022-02,54-56,Professional and Business Services,22131000.0,
2022-03,54-56,Professional and Business Services,22252000.0,
2022-04,54-56,Professional and Business Services,22429000.0,
2022-05,54-56,Professional and Business Services,22482000.0,
2022-06,54-56,Professional and Business Services,22637000.0,
2022-07,54-56,Professional and Business Services,22743000.0,
2022-08,54-56,Professional and Business Services,22794000.0,
2022-09,54-56,Professional and Business Services,22797000.0,
2022-10,54-56,Professional and Business Services,23024000.0,
2022-11,54-56,Professional and Business Services,22999000.0,
2022-12,54-56,Professional and Business Services,22869000.0,
2023-01,54-56,Professional and Business Services,22421000.0,
2023-02,54-56,Professional and Business Services,22580000.0,
2023-03,54-56,Professional and Business Services,22599000.0,
2023-04,54-56,Professional and Business Services,22783000.0,
2023-05,54-56,Professional and Business Services,22857000.0,
2023-06,54-56,Professional and Business Services,22916000.0,
2023-07,54-56,Professional and Business Services,22872000.0,
2023-08,54-56,Professional and Business Services,22870000.0,
2023-09,54-56,Professional and Business Services,22797000.0,
2023-10,54-56,Professional and Business Services,22943000.0,
2023-11,54-56,Professional and Business Services,22863000.0,
2023-12,54-56,Professional and Business Services,22729000.0,
2024-01,54-56,Professional and Business Services,22282000.0,
2024-02,54-56,Professional and Business Services,22392000.0,
2024-03,54-56,Professional and Business Services,22396000.0,
2024-04,54-56,Professional and Business Services,22593000.0,
2024-05,54-56,Professional and Business Services,22682000.0,
2024-06,54-56,Professional and Business Services,22741000.0,
2024-07,54-56,Professional and Business Services,22730000.0,
2024-08,54-56,Professional and Business Services,22714000.0,
2024-09,54-56,Professional and Business Services,22664000.0,
2024-10,54-56,Professional and Business Services,22771000.0,
2024-11,54-56,Professional and Business Services,22773000.0,
2024-12,54-56,Professional and Business Services,22707000.0,
2025-01,54-56,Professional and Business Services,22193000.0,
2025-02,54-56,Professional and Business Services,22328000.0,
2025-03,54-56,Professional and Business Services,22351000.0,
2025-04,54-56,Professional and Business Services,22575000.0,
2025-05,54-56,Professional and Business Services,22631000.0,
2025-06,54-56,Professional and Business Services,22685000.0,
2025-07,54-56,Professional and Business Services,22660000.0,
2025-08,54-56,Professional and Business Services,22648000.0,
2025-09,54-56,Professional and Business Services,22592000.0,
2025-10,54-56,Professional and Business Services,22748000.0,
2025-11,54-56,Professional and Business Services,22692000.0,
2025-12,54-56,Professional and Business Services,22605000.0,
2021-01,61-62,Education and Health Services,23209000.0,
2021-02,61-62,Education and Health Services,23503000.0,
2021-03,61-62,Education and Health Services,23643000.0,
2021-04,61-62,Education and Health Services,23715000.0,
2021-05,61-62,Education and Health Services,23633000.0,
2021-06,61-62,Education and Health Services,23442000.0,
2021-07,61-62,Education and Health Services,23410000.0,
2021-08,61-62,Education and Health Services,23439000.0,
2021-09,61-62,Education and Health Services,23672000.0,
2021-10,61-62,Education and Health Services,24007000.0,
2021-11,61-62,Education and Health Services,24108000.0,
2021-12,61-62,Education and Health Services,24039000.0,
2022-01,61-62,Education and Health Services,23694000.0,
2022-02,61-62,Education and Health Services,24078000.0,
2022-03,61-62,Education and Health Services,24162000.0,
2022-04,61-62,Education and Health Services,24244000.0,
2022-05,61-62,Education and Health Services,24189000.0,
2022-06,61-62,Education and Health Services,24070000.0,
2022-07,61-62,Education and Health Services,24104000.0,
2022-08,61-62,Education and Health Services,24203000.0,
2022-09,61-62,Education and Health Services,24517000.0,
2022-10,61-62,Education and Health Services,24845000.0,
2022-11,61-62,Education and Health Services,24994000.0,
2022-12,61-62,Education and Health Services,24926000.0,
2023-01,61-62,Education and Health Services,24712000.0,
2023-02,61-62,Education and Health Services,25069000.0,
2023-03,61-62,Education and Health Services,25133000.0,
2023-04,61-62,Education and Health Services,25220000.0,
2023-05,61-62,Education and Health Services,25235000.0,
2023-06,61-62,Education and Health Services,25116000.0,
2023-07,61-62,Education and Health Services,25142000.0,
2023-08,61-62,Education and Health Services,25278000.0,
2023-09,61-62,Education and Health Services,25604000.0,
2023-10,61-62,Education and Health Services,25931000.0,
2023-11,61-62,Education and Health Services,26118000.0,
2023-12,61-62,Education and Health Services,26088000.0,
2024-01,61-62,Education and Health Services,25867000.0,
2024-02,61-62,Education and Health Services,26248000.0,
2024-03,61-62,Education and Health Services,26325000.0,
2024-04,61-62,Education and Health Services,26427000.0,
2024-05,61-62,Education and Health Services,26375000.0,
2024-06,61-62,Education and Health Services,26265000.0,
2024-07,61-62,Education and Health Services,26215000.0,
2024-08,61-62,Education and Health Services,26322000.0,
2024-09,61-62,Education and Health Services,26643000.0,
2024-10,61-62,Education and Health Services,26973000.0,
2024-11,61-62,Education and Health Services,27127000.0,
2024-12,61-62,Education and Health Services,27093000.0,
2025-01,61-62,Education and Health Services,26857000.0,
2025-02,61-62,Education and Health Services,27162000.0,
2025-03,61-62,Education and Health Services,27222000.0,
2025-04,61-62,Education and Health Services,27333000.0,
2025-05,61-62,Education and Health Services,27275000.0,
2025-06,61-62,Education and Health Services,27118000.0,
2025-07,61-62,Education and Health Services,27100000.0,
2025-08,61-62,Education and Health Services,27184000.0,
2025-09,61-62,Education and Health Services,27445000.0,
2025-10,61-62,Education and Health Services,27738000.0,
2025-11,61-62,Education and Health Services,27860000.0,
2025-12,61-62,Education and Health Services,27793000.0,
2021-01,71-72,Leisure and Hospitality,12099000.0,
2021-02,71-72,Leisure and Hospitality,12540000.0,
2021-03,71-72,Leisure and Hospitality,12876000.0,
2021-04,71-72,Leisure and Hospitality,13435000.0,
2021-05,71-72,Leisure and Hospitality,14033000.0,
2021-06,71-72,Leisure and Hospitality,14800000.0,
2021-07,71-72,Leisure and Hospitality,15266000.0,
2021-08,71-72,Leisure and Hospitality,15239000.0,
2021-09,71-72,Leisure and Hospitality,14839000.0,
2021-10,71-72,Leisure and Hospitality,14898000.0,
2021-11,71-72,Leisure and Hospitality,14861000.0,
2021-12,71-72,Leisure and Hospitality,14925000.0,
2022-01,71-72,Leisure and Hospitality,14592000.0,
2022-02,71-72,Leisure and Hospitality,14864000.0,
2022-03,71-72,Leisure and Hospitality,15103000.0,
2022-04,71-72,Leisure and Hospitality,15489000.0,
2022-05,71-72,Leisure and Hospitality,15933000.0,
2022-06,71-72,Leisure and Hospitality,16494000.0,
2022-07,71-72,Leisure and Hospitality,16703000.0,
2022-08,71-72,Leisure and Hospitality,16602000.0,
2022-09,71-72,Leisure and Hospitality,16143000.0,
2022-10,71-72,Leisure and Hospitality,16090000.0,
2022-11,71-72,Leisure and Hospitality,15979000.0,
2022-12,71-72,Leisure and Hospitality,15926000.0,
2023-01,71-72,Leisure and Hospitality,15616000.0,
2023-02,71-72,Leisure and Hospitality,15801000.0,
2023-03,71-72,Leisure and Hospitality,16031000.0,
2023-04,71-72,Leisure and Hospitality,16349000.0,
2023-05,71-72,Leisure and Hospitality,16763000.0,
2023-06,71-72,Leisure and Hospitality,17291000.0,
2023-07,71-72,Leisure and Hospitality,17383000.0,
2023-08,71-72,Leisure and Hospitality,17258000.0,
2023-09,71-72,Leisure and Hospitality,16734000.0,
2023-10,71-72,Leisure and Hospitality,16636000.0,
2023-11,71-72,Leisure and Hospitality,16419000.0,
2023-12,71-72,Leisure and Hospitality,16399000.0,
2024-01,71-72,Leisure and Hospitality,15980000.0,
2024-02,71-72,Leisure and Hospitality,16116000.0,
2024-03,71-72,Leisure and Hospitality,16362000.0,
2024-04,71-72,Leisure and Hospitality,16640000.0,
2024-05,71-72,Leisure and Hospitality,17076000.0,
2024-06,71-72,Leisure and Hospitality,17488000.0,
2024-07,71-72,Leisure and Hospitality,17562000.0,
2024-08,71-72,Leisure and Hospitality,17467000.0,
2024-09,71-72,Leisure and Hospitality,16966000.0,
2024-10,71-72,Leisure and Hospitality,16833000.0,
2024-11,71-72,Leisure and Hospitality,16655000.0,
2024-12,71-72,Leisure and Hospitality,16672000.0,
2025-01,71-72,Leisure and Hospitality,16263000.0,
2025-02,71-72,Leisure and Hospitality,16346000.0,
2025-03,71-72,Leisure and Hospitality,16558000.0,
2025-04,71-72,Leisure and Hospitality,16859000.0,
2025-05,71-72,Leisure and Hospitality,17312000.0,
2025-06,71-72,Leisure and Hospitality,17709000.0,
2025-07,71-72,Leisure and Hospitality,17771000.0,
2025-08,71-72,Leisure and Hospitality,17692000.0,
2025-09,71-72,Leisure and Hospitality,17197000.0,
2025-10,71-72,Leisure and Hospitality,17093000.0,
2025-11,71-72,Leisure and Hospitality,16911000.0,
2025-12,71-72,Leisure and Hospitality,16861000.0,
2021-01,81,Other Services (except Public Administration),5241000.0,
2021-02,81,Other Services (except Public Administration),5266000.0,
2021-03,81,Other Services (except Public Administration),5296000.0,
2021-04,81,Other Services (except Public Administration),5357000.0,
2021-05,81,Other Services (except Public Administration),5397000.0,
2021-06,81,Other Services (except Public Administration),5516000.0,
2021-07,81,Other Services (except Public Administration),5571000.0,
2021-08,81,Other Services (except Public Administration),5572000.0,
2021-09,81,Other Services (except Public Administration),5520000.0,
2021-10,81,Other Services (except Public Administration),5573000.0,
2021-11,81,Other Services (except Public Administration),5586000.0,
2021-12,81,Other Services (except Public Administration),5590000.0,
2022-01,81,Other Services (except Public Administration),5524000.0,
2022-02,81,Other Services (except Public Administration),5588000.0,
2022-03,81,Other Services (except Public Administration),5612000.0,
2022-04,81,Other Services (except Public Administration),5655000.0,
2022-05,81,Other Services (except Public Administration),5691000.0,
2022-06,81,Other Services (except Public Administration),5759000.0,
2022-07,81,Other Services (except Public Administration),5785000.0,
2022-08,81,Other Services (except Public Administration),5761000.0,
2022-09,81,Other Services (except Public Administration),5712000.0,
2022-10,81,Other Services (except Public Administration),5743000.0,
2022-11,81,Other Services (except Public Administration),5752000.0,
2022-12,81,Other Services (except Public Administration),5745000.0,
2023-01,81,Other Services (except Public Administration),5706000.0,
2023-02,81,Other Services (except Public Administration),5724000.0,
2023-03,81,Other Services (except Public Administration),5750000.0,
2023-04,81,Other Services (except Public Administration),5791000.0,
2023-05,81,Other Services (except Public Administration),5838000.0,
2023-06,81,Other Services (except Public Administration),5915000.0,
2023-07,81,Other Services (except Public Administration),5924000.0,
2023-08,81,Other Services (except Public Administration),5917000.0,
2023-09,81,Other Services (except Public Administration),5866000.0,
2023-10,81,Other Services (except Public Administration),5887000.0,
2023-11,81,Other Services (except Public Administration),5901000.0,
2023-12,81,Other Services (except Public Administration),5885000.0,
2024-01,81,Other Services (except Public Administration),5839000.0,
2024-02,81,Other Services (except Public Administration),5869000.0,
2024-03,81,Other Services (except Public Administration),5905000.0,
2024-04,81,Other Services (except Public Administration),5943000.0,
2024-05,81,Other Services (except Public Administration),5983000.0,
2024-06,81,Other Services (except Public Administration),6049000.0,
2024-07,81,Other Services (except Public Administration),6053000.0,
2024-08,81,Other Services (except Public Administration),6025000.0,
2024-09,81,Other Services (except Public Administration),5968000.0,
2024-10,81,Other Services (except Public Administration),5980000.0,
2024-11,81,Other Services (except Public Administration),5991000.0,
2024-12,81,Other Services (except Public Administration),5982000.0,
2025-01,81,Other Services (except Public Administration),5939000.0,
2025-02,81,Other Services (except Public Administration),5959000.0,
2025-03,81,Other Services (except Public Administration),5993000.0,
2025-04,81,Other Services (except Public Administration),6021000.0,
2025-05,81,Other Services (except Public Administration),6064000.0,
2025-06,81,Other Services (except Public Administration),6107000.0,
2025-07,81,Other Services (except Public Administration),6114000.0,
2025-08,81,Other Services (except Public Administration),6106000.0,
2025-09,81,Other Services (except Public Administration),6036000.0,
2025-10,81,Other Services (except Public Administration),6050000.0,
2025-11,81,Other Services (except Public Administration),6049000.0,
2025-12,81,Other Services (except Public Administration),6042000.0,
2021-01,92,Public Administration,21660000.0,
2021-02,92,Public Administration,21993000.0,
2021-03,92,Public Administration,22143000.0,
2021-04,92,Public Administration,22233000.0,
2021-05,92,Public Administration,22177000.0,
2021-06,92,Public Administration,21874000.0,
2021-07,92,Public Administration,20948000.0,
2021-08,92,Public Administration,21252000.0,
2021-09,92,Public Administration,22157000.0,
2021-10,92,Public Administration,22404000.0,
2021-11,92,Public Administration,22484000.0,
2021-12,92,Public Administration,22355000.0,
2022-01,92,Public Administration,21939000.0,
2022-02,92,Public Administration,22268000.0,
2022-03,92,Public Administration,22326000.0,
2022-04,92,Public Administration,22398000.0,
2022-05,92,Public Administration,22372000.0,
2022-06,92,Public Administration,21978000.0,
2022-07,92,Public Administration,21091000.0,
2022-08,92,Public Administration,21441000.0,
2022-09,92,Public Administration,22354000.0,
2022-10,92,Public Administration,22656000.0,
2022-11,92,Public Administration,22818000.0,
2022-12,92,Public Administration,22645000.0,
2023-01,92,Public Administration,22375000.0,
2023-02,92,Public Administration,22804000.0,
2023-03,92,Public Administration,22886000.0,
2023-04,92,Public Administration,22966000.0,
2023-05,92,Public Administration,22967000.0,
2023-06,92,Public Administration,22618000.0,
2023-07,92,Public Administration,21621000.0,
2023-08,92,Public Administration,22044000.0,
2023-09,92,Public Administration,23004000.0,
2023-10,92,Public Administration,23350000.0,
2023-11,92,Public Administration,23492000.0,
2023-12,92,Public Administration,23396000.0,
2024-01,92,Public Administration,23033000.0,
2024-02,92,Public Administration,23487000.0,
2024-03,92,Public Administration,23617000.0,
2024-04,92,Public Administration,23634000.0,
2024-05,92,Public Administration,23591000.0,
2024-06,92,Public Administration,23185000.0,
2024-07,92,Public Administration,22191000.0,
2024-08,92,Public Administration,22596000.0,
2024-09,92,Public Administration,23490000.0,
2024-10,92,Public Administration,23844000.0,
2024-11,92,Public Administration,23989000.0,
2024-12,92,Public Administration,23843000.0,
2025-01,92,Public Administration,23500000.0,
2025-02,92,Public Administration,23840000.0,
2025-03,92,Public Administration,23911000.0,
2025-04,92,Public Administration,23928000.0,
2025-05,92,Public Administration,23833000.0,
2025-06,92,Public Administration,23448000.0,
2025-07,92,Public Administration,22384000.0,
2025-08,92,Public Administration,22704000.0,
2025-09,92,Public Administration,23587000.0,
2025-10,92,Public Administration,23707000.0,
2025-11,92,Public Administration,23812000.0,
2025-12,92,Public Administration,23686000.0,
2021-01,99,Unclassified,,
2021-02,99,Unclassified,,
2021-03,99,Unclassified,,
2021-04,99,Unclassified,,
2021-05,99,Unclassified,,
2021-06,99,Unclassified,,
2021-07,99,Unclassified,,
2021-08,99,Unclassified,,
2021-09,99,Unclassified,,
2021-10,99,Unclassified,,
2021-11,99,Unclassified,,
2021-12,99,Unclassified,,
2022-01,99,Unclassified,,
2022-02,99,Unclassified,,
2022-03,99,Unclassified,,
2022-04,99,Unclassified,,
2022-05,99,Unclassified,,
2022-06,99,Unclassified,,
2022-07,99,Unclassified,,
2022-08,99,Unclassified,,
2022-09,99,Unclassified,,
2022-10,99,Unclassified,,
2022-11,99,Unclassified,,
2022-12,99,Unclassified,,
2023-01,99,Unclassified,,
2023-02,99,Unclassified,,
2023-03,99,Unclassified,,
2023-04,99,Unclassified,,
2023-05,99,Unclassified,,
2023-06,99,Unclassified,,
2023-07,99,Unclassified,,
2023-08,99,Unclassified,,
2023-09,99,Unclassified,,
2023-10,99,Unclassified,,
2023-11,99,Unclassified,,
2023-12,99,Unclassified,,
2024-01,99,Unclassified,,
2024-02,99,Unclassified,,
2024-03,99,Unclassified,,
2024-04,99,Unclassified,,
2024-05,99,Unclassified,,
2024-06,99,Unclassified,,
2024-07,99,Unclassified,,
2024-08,99,Unclassified,,
2024-09,99,Unclassified,,
2024-10,99,Unclassified,,
2024-11,99,Unclassified,,
2024-12,99,Unclassified,,
2025-01,99,Unclassified,,
2025-02,99,Unclassified,,
2025-03,99,Unclassified,,
2025-04,99,Unclassified,,
2025-05,99,Unclassified,,
2025-06,99,Unclassified,,
2025-07,99,Unclassified,,
2025-08,99,Unclassified,,
2025-09,99,Unclassified,,
2025-10,99,Unclassified,,
2025-11,99,Unclassified,,
2025-12,99,Unclassified,,
